company,title,link
Oracle,Oracle cuts more than 700 jobs in California amid massive round of layoffs - SFGATE,https://news.google.com/rss/articles/CBMif0FVX3lxTE9Gd1ZOcU5yeVIxU0ZFdnBwWVJ1MURGN3RtTTJWaDNoQ2JKQm9zR2lNT3JRTGI0QkxIbXY1RUxfWTM5QlhQeUlMSmdkZzktYXNCUkpTUmNJYi1oSlBQRHNkQ056ZzhLbVhGbjRSYTZCajhGaHJST2pZaERKRGJKYTA?oc=5
Oracle,Pimco Seeks to Sell Parts of $14 Billion Oracle Data Center Debt - Bloomberg.com,https://news.google.com/rss/articles/CBMitAFBVV95cUxQWkVOMVk5aWRVUm51Mkh2ekJWQ282VWJpSTJobmZFVHA4aEZzU0RRbXdnaDlUWW16eWxrMUNiZjZXdHh0eTA4WWNhbk9sV044eUpLa01DX1ZUb0ZqcGI4bktpYXN0Mi15dUN0bWdsZ0Jha19RS01JTVZzVlFCdDZ3Z0tfRGpRVE5MLXNKeHBpaWprclI3TnVFeHptc3Y0Vk93dTRxSEdqTjN0TC0xWnhOOEtZX1M?oc=5
Oracle,Pimco Weighs $14 Billion Debt Deal for Oracle Data Center - Bloomberg.com,https://news.google.com/rss/articles/CBMitAFBVV95cUxQcjhIZzdEeHRHaDIxZVN6SmJzRC1PYjI0WFVNb3FPNEZUNEg2OXJYc0xtb2xoMGp5YWxFeUQxdVpmcXJzeFNIS2N4YzJzc1JCaWVnOU1fdWJFUWo1TzIzZXZ5aEV4SzBlQ3FQc083NGtjQ1BVLWN2MGVZSTdDVlpSZlRLeVRtWE1TZG82N1A0WVhiR1U1Y3R5U2hsWkZMZ2t4d3hZYmhQQXpySVlEV3BCendUSWw?oc=5
Oracle,Oracle Draws Pimco Into Potential $14 Billion Michigan Data Center Financing - Yahoo Finance,https://news.google.com/rss/articles/CBMinAFBVV95cUxPUEo3UXFVaVZ6UGFHLXNROGVLSXRRcUFtMGY2d2NUMXN1V29kX2FwLUN5a2xaT1FlRXhqUjdYVU9OcWd6Z0JqSkpYMzZtRGJvak9ETDgyU1k4VlByVWFHU3BlX2xtLUhiQVJ5NFBVaHdLV2ZxR3l0TDRqa09SanpCVG9hY0wzNU5ycndOeFFSa0R1VmhzZmdzUTFGWTg?oc=5
Oracle,Oracle Names Hilary Maxson Chief Financial Officer - WSJ,https://news.google.com/rss/articles/CBMilgFBVV95cUxPN2FQYVIxcVVrM2ZYckFZZk14TDNtMHFHZXBsQ2haekJHQ1IzUEJBcUhJcEt3V0NZTEM1UHo0NGtzUmtTV1ZUN3AwRVE0MC1pMGJCVmJDazhoRFRCSnpMWEUwOXptV0NuaVNJbzk3aEE0RkFkVXhkTU9oN0RYajlxYWthSFFRSEItNnNIN3AwdU84ajVVS1E?oc=5
Oracle,Oracle Responds to TRC Capital Mini-Tender Offer - Yahoo Finance,https://news.google.com/rss/articles/CBMingFBVV95cUxQTGpXWmlXcGdHQVVKekEyUmhTNmZCTk01X2U4ajFDZkhvQ1NNeTBpaWFnTVNNYjdhYTdUUGt3aWdkVTYzcU0wSTBQcURMU0VmNURwS3F1REt4TFBmVVB2ZEVBNkQ4Z2lBUER0eFdGSVZlVTNudGI0NHVlVTQzU1VvMU9OOFhtTzhtOWVJaTVPOXdCSFIyMi12UXl0RGRmZw?oc=5
Oracle,Oracle: The Most Underrated AI Infrastructure Play (NYSE:ORCL) - Seeking Alpha,https://news.google.com/rss/articles/CBMilAFBVV95cUxPSG5TOFB3OXBOVmoxc0c4X19RMllhMTJUU09BN3ZmWGpaRll6eUFMTzVVRWVveTZQTXMycC1pUWlmcl9aX05RUVd4U05IUXFxQmF0aDh6STdVaDV0UlpTZ292REIzZmFOVHZiZUdSdDhORm5UYmg4SnJCYnM2QnVtNElmR1FNS2pBWVJEeXM3eDBHVWRs?oc=5
Oracle,Oracle’s stock is trading at an extreme discount to this key technical indicator - MarketWatch,https://news.google.com/rss/articles/CBMixAFBVV95cUxNWnlOWWcyYUpxeExoUDFDclhmTHlEQno5VG1FNm8wNUx3VDdNUjNIc3NvSG94QWZnOUg3RVZSNUtlTzlIY25SVlJiSWtrbmJRSm1xNG5GNk54Nm02SjZJcGozZHRzMVBhTWtUdkJseEN5d1gwNFB0Zm5BV1J6UHhiZHdvNVkzT1Z0b21FMEVJN3JxdmRseTFIc0tEbTNTRnJHeG1LUE5LZGNoSkNpN1lhcFFIcG9DQXQ1MVdlWVRuMmEzNG1m?oc=5
Oracle,SF Giants News: Giants to follow AI trend at Oracle Park - McCovey Chronicles,https://news.google.com/rss/articles/CBMizwFBVV95cUxNTm5MUkpRQ3NjS0ZnYU5lenFEMDFFNkNsX2dRZF8xMUZWdi1vS0NNZE1aZC0xMUlueXdLaVV5c3BlUDlGaDVya2xJTFVGX1ltbWo5ZnZDMS1RTnYzSmlrOXdiQlk5YVNjNi1YaVVaX29KQ1dEUVp2NVRGUnlkVjJjeDNrcDVHWUpaZkxUVnJaUkVOMnliM1BFU1ZWYTQwOElVVXRuTTc4cndHR1RVa2RoZzZYS09XcHoxbGVFVUJ5UXl2cVZmZ2RobUNYTU04N00?oc=5
Oracle,"Lancium CEO says Abilene AI data center is fully financed, with Oracle and Microsoft - KTXS",https://news.google.com/rss/articles/CBMisAFBVV95cUxOaGNFN3dMMHQ1RFV3aTh0RG5sTlA1WGZTRlN0QmFQMDJjZExURXVvMjY2SkhOUmxJbWZvc2JvbnFQLXJlOXRzal9IaHN0cXcyS2ZDSlE0aGlYMThmWko5ckwtT0JjT3VHeDR1VldIQnFnLUFrMDF5dUlYOGlyYW5yX3JPZ044S2FVd2hHQTVmb1J4YXkyaXh4WkFsWi1VTWZmbFdCWGdMQXMxRTk2MlNjQg?oc=5
Oracle,"Wedbush’s Ives: Palantir, Oracle, Microsoft to dominate defense AI integration - 24/7 Wall St.",https://news.google.com/rss/articles/CBMiugFBVV95cUxPa0xJNUZ3dUZzNmxUTnF3ay1LcWpnRzM3MXo4MnBBNjJuM3I3NXNwanRGYU9SNl9wRktsZFM2aEotLUdsN2xrVFlEUFdseVg2bWpmV1FOOW5RWXNDTkFtWDdSNHdfQWdnQ0JNcVcwbHk1aC16RXBtTzhKWC1teFZJeVk1Tm5kVVlmSnNnay1YcFhJVHpHTmVoX3QwaUdic0JCeDhwS1k5dDJ5MkZKTzhJckxJWGJaQ3VTZ0E?oc=5
Oracle,"Trump warns Iran '48 hours before all Hell will reign down,' while search for missing crew member intensifies - CNBC",https://news.google.com/rss/articles/CBMipgFBVV95cUxPcVJRSUVnWndyc3Z0eFo5d1BlaEwyclhHV19JQ19GQmFyczVCYXRJelFFY1Z5SlpRbkdTQ0s4Y09hTFE5LVMxMmprX0lqbkViSWg1dGgzS254dGN0UEM1bHBNV0hGS3N0S0JUbFlaN2ZjWE9ZNXhyeUhpbjJkVVlWNHNBV2lITDhNczV5T3ZNMVpPd1A5WHMyY2FNWjZTMUhQdmNuZVN30gGrAUFVX3lxTE1xTVZiTTJrbDhlTUZTczAwM1dwa3hTUndyUHlkNFFUVUdWaEpDcXc4a0g1Wlp3RXlxWk93d1Y2RU1lNU1DalprdGVKd29vY1FEdGE5UTBEaktnQmprVVRhalg0d2xnbXBodmJJbXo5LWowNGFPd1dzSzFUN0NTQmI0dkVIcVV3QksxQ29iZ1hHVElzXzQ1RFZrakJlUE1wa0xoYkNnWlJuWmUwcw?oc=5
Oracle,The Most Powerful Tech Oligarch in America May Be Losing His Grip - Slate Magazine,https://news.google.com/rss/articles/CBMipAFBVV95cUxPZzRNTHBua2Y2ZFNfWlVtNS05eUpIVEVhZWtSeXJUb0lvWV92RE9jYU5TYVlkUG1sVlZrdklmQmduYTdKTlhBY0RDZDhxenExZDd0RUVrWTFoeFMtY3kzbURnMTRoZDFYVFdvTVlRUzN4SlVtR2dneE44U2UxZjRmTXV0VmJRUjR3WG1SN01pdGpycldKWFluMm1xajJSQ0FEdEc5MQ?oc=5
Oracle,Oracle Releases Emergency Patch for Critical Identity Manager Vulnerability - SecurityWeek,https://news.google.com/rss/articles/CBMiqAFBVV95cUxNRjc4MEZsTG9QT1J5M1JheWhxdmhXb0hleE0wWEFRYzRleWdMLXFBZWk2ZlJVa2xRYWFWRzlfYmJCMFRVd0FJNC1yMmlETExFcmNjMzZ5TzdnaE5OeXlhbWVWSWpQUVQwOTR2VXNFMk1fanRLalNaRXNKbjh3LXR3MkNFbU9zb1M4dWFXRzVMS3JYbXk5LU9wT0RhYzFkNXV6WExud05TNGnSAa4BQVVfeXFMTTh4RlJETmFyRzNTdWRabTdoWW1MOTVMZHUyUDF0Y0hMMXRQOHdjX3czU1psZ3hqUXpFODBlaHVkR2JhbG5HNXBQeTJzSGpkTk9FYjlKRFl1YUwwbnI2N1JLNXhhTU9udWJhUE9QSEF1a1FJRGxXUFdRSUdzZGJhUmhHTGNCT2lNVHAyME41RG9oVTRua2NadHE0TGNjQWNNS3Y0WWZDVzVJQV94TlBn?oc=5
Oracle,Introducing Oracle Database Security Central: Taking Control of Database Security Across Your Fleet - Oracle Blogs,https://news.google.com/rss/articles/CBMiWkFVX3lxTE1wUVhidjdlMVJZRS00cWphaXVxTUgzZjNLVGRtVDZTdERtOWZRVHBQSTNJanF3T1U5NU56RG5MVW9OQjdQVXNvMmJZdjZ2WTFtbV91NWUtV2dWZw?oc=5
Oracle,Oracle axes over 700 workers — the first wave in a bloodbath that could engulf 30K - New York Post,https://news.google.com/rss/articles/CBMi3AFBVV95cUxPQllCUHVhUFBFemNaMk5BcmZqRDI3TWQwWUtYbnBTX2xUTzhQWEpKa2JUZ2RsNWRWYWI3SHJfOVF5NU5uSmtIZ1lZSzU2Q2daYURpNTBTUWhoQ0YtWjJKc1ZFLUoySDVHMFo2OE5KMkpBMzgtNXdyLWdFZnBSN0ZmZlV1N1pNVlBEVk1EWEtrTGpINzh0elUzV2FSSzdtVDd6MV9nU05DZm5SQVM3UGxTRWh1Z09EQ1haTF9RbjVMbUdaZ3RsM2VpdHNVaUptc1NVWXRJRHdWV2c5WXN2?oc=5
Oracle,Phillies' bats scoreless for 20 straight innings as Oracle Park woes continue - MLB.com,https://news.google.com/rss/articles/CBMihAFBVV95cUxNOXN3ZkJBYlhBRzBILXp3WDNIYmk1ZTRTT09ZcFN1OWhXN0RNV1ZDZ2loTjBIQkJndU5SVEEwRmIzaW5mNllTNzlVb0ktVDNRcVNWN2JlRmNNMlZPM2o5RWJaaXptWDZCYU9IUFhDUnFjQWxLcHZjYkJjdVBONHhuNzNKZDU?oc=5
Oracle,"Oracle's Sales Are Soaring, But Its Stock Is Falling. Time to Buy? - The Motley Fool",https://news.google.com/rss/articles/CBMimAFBVV95cUxPN2RvcmVUZTQ1bXpiTUVVVjNPbnYyVFIwWHBTdndZeEpJd29jRjdremx1ZmFZek9vZzFlWTVrd3hNdWpmQVlrTEk5eWgyYXpsSFdzd1dxZks0dEtGNWw5VmhTNkZQRTI0aHRwNGl2eEVzWjlWNlo2UlE0UWhNN1JKVGtKbjNTU0xoRlV0NjdLd0tmcEFVaTNEaQ?oc=5
Oracle,Oracle: April 2026 Forecasts; Upgrade to O/P - CreditSights,https://news.google.com/rss/articles/CBMiigFBVV95cUxPc2tERHpudGFvaXo0a0ZmRjRSdkFkS1RvempCUlI5LWg1dUVIY2FXd3p5TFloRnRtTXRjR1F4WkZEbkltZ3ZTTzJUSm1WTlpydGt1dFNsWDN1QXRMM01WN2dmcDhIUmd1S3FFcmVtdkkwSnFNdmZMMWNQRWo0STl2bF9DQ1lJMFRQQ3c?oc=5
Oracle,Oracle's Bay Area layoffs multiply to more than 600 across three sites - The Business Journals,https://news.google.com/rss/articles/CBMilgFBVV95cUxPUkUwazVzTVB3MWx1ODhPdUxPeDlka1ZfY0c1OXJfMk56TUN1X25DMDZjaVdDYndqemxHM29oREFTT1I4NzJLUjJ3QUo0MGs5YVFUbmh5Y3NVNTdBVlpJNVlGcmI4REJOdmZPeW41SVN4cjlNT1Bva0hmWTVub0VULV9lNDZmdkxRZnFCYm94YWJPZDBaWEE?oc=5
Oracle,"PIMCO weighs $14 billion debt deal for Oracle's Michigan data center, Bloomberg News reports - Reuters",https://news.google.com/rss/articles/CBMivwFBVV95cUxQcUxOOXpIUC13ZmNVdmtUeWxLbUdBMlVNUUcwaFktRE1kTktXYzN6WTY0aFBwQ0dWeE95T0xhVzZxc0tNRkxGTWMxZ29yekNMUmZjRld0QmRjb29DbzFRLWI5dm02NkRoYURwM2pjeUZScDJRSU0xR2tTTVByNlNxYTIyOFotOEI1Q2VLWS1mZjJsbUU4S3ZKUlpPTHZuUmMxTWpsN2t0SERCeGFFX29ua0tFTkEyMVhybG82STU4UQ?oc=5
Oracle,First Abu Dhabi Bank speeds up HR tasks with Oracle’s AI chatbot - Oracle,https://news.google.com/rss/articles/CBMiZEFVX3lxTE5SVG1HOWlHbGgtYkVJZlB3YS1raVlWWmhMVHMwUnJud3pmMXJWZVJETnNYeThkTWFKcGFxNXltR0hWN2Q5TjR0eVUzejVTTDI0cDQxSDV6WWYxQkpNYmttZ2pMQjg?oc=5
Oracle,Huge News for Oracle Stock Investors - The Motley Fool,https://news.google.com/rss/articles/CBMihgFBVV95cUxPZTRFMlY2LUkxOW5IcEFtUURVaDg0bDJ2eWhodVByRTFqNUNvaHZDUWNzc2gxcWp5dmJ6NkJoa3JGTUNMVG5DcGdfQk5LaTFIQWVNVWtWRkJWYVdraVNLdnpBQTFrRlpkT1JqZW1ZNDdmeUhYOHBzQmR5cEVVRXAyVkRFZHVVdw?oc=5
Oracle,Oracle hires Schneider Electric's Maxson as CFO amid AI spending boom - Reuters,https://news.google.com/rss/articles/CBMihAFBVV95cUxNSkZTYXhacXhzY2ZHc1FyUW1reElickZYMHFURFY1SHNQNW1tR0Z2LTZzSTFiOWFYcmx4Z1hXRjQ2enMyYzlDWWpodVphbUdoMWE4Umxnc0VnZ1ZKdlctX1k2NGR2MHNfcmRURi1qekdfZDltMkc2bmFqSmpjUjNxYllfdWo?oc=5
Oracle,Oracle Named a Leader in Two 2026 Gartner® Magic Quadrant™ Reports for Supply Chain Planning Solutions: Discrete and Process Industries - Oracle,https://news.google.com/rss/articles/CBMi6AFBVV95cUxNNlNOd3dYSWgwMlBmaE0xVFM5bVc4MmMyemF5WDBMNWY4M2dZY3Nzend6MUZvS2JkSGxEaF9tSmNPbnlKRjFsaVEyczExRFpPbWY5S2Z4am9ydkxzeW1pSVNZOW15OWRUdU41Zmxjb2VubUZjYnN2MDRVQmpGN18wMWhub2RpalFRVjJvNVdxUFdrZzRmZmJaQW9YRGNwQ1AzUFJNUENrbVhYWVZQamxQc1ZMaGRLYnJQVEg4aHpmby1wT1ZKYzJqUlVhQXROb0k4eVhMV2k5aGhEVUMwX2Q1X3JFNDVYeDJw?oc=5
Oracle,Oracle Video @ Edge: Showcasing Media over QUIC Partner Workflows at NAB - Oracle Blogs,https://news.google.com/rss/articles/CBMimAFBVV95cUxORk9EMWZ3WjVFQksteUpja3pQRHdvc1g4UTBMVE1WdC1sMS1OQkhTTFl1Y0xzRzVBZEplRGxkVWVEUWhyZ21WWEFCSGJtanM3eG52Ym9NU1NKYXFkWldMTVI5S0hGNTFQTHZiMm9HV1dISHNYX0NTdGZJQXoyaHQ3dUdJZENSY2diaVYtQjdQWkxNbGY0LXNCdA?oc=5
Oracle,Oracle Names New CFO Amid Massive AI Cloud Buildout - Investor's Business Daily,https://news.google.com/rss/articles/CBMie0FVX3lxTFB6RWVaZGNzVVpUN1hJbHY4X0dSMTNIbUFLQ0lIeTI3S0g5Y2NSZnlVZzU3TlNlckRZNUg5ZTE4Q2xVTU9Tc0RqODFrbHNBUjE3dFotak1ibm1KTGtvVmNTZ1lQaU5WRy1NQU1DTndBYW5xS2t5Q1d3VHRmYw?oc=5
Oracle,Oracle hires new CFO with $950K salary as thousands face layoffs - Fox Business,https://news.google.com/rss/articles/CBMilgFBVV95cUxOMVFLMmh2aGtEdjdFRDNudi0zYzV3OHBQbEwwbnpnRjVwZjhRUm9BUXlvbGx1UTh2OXVvSUZtLXFvYmhKbXA0Qjc5TTBzNkpRbjl3ZERFNHFmOEw1aVl3c3kzekNPNU14akI3bGlPWjh3YlFlNjdqWlQzcmpyTzFvNW0tczNsd0FTX09vN0pfZnhMOU5POEHSAZsBQVVfeXFMTXBIYWdNMnlDeGxHN3oyYk1LcC1FbzVvc3AzTDhINVRQeFUtZGY4MXVzU2o4WVZvVjdJVTR6QTl4UmVyM3ZHWkpuN2xpTUFRODFVZXN3ejAzZEhOODdYUEw1Q2UtbkdaRF9wWElIcl96UFhIeFYxbkJxR0VfYm56dzNWUnJUNHhsZ1R2Y1AzWmYtalBlbUp6QXdVRVk?oc=5
Oracle,Oracle’s New CFO Comes From the Power Industry. That Tells You Everything. - Barron's,https://news.google.com/rss/articles/CBMijAFBVV95cUxNNlRkTnEyQjVhM0tJYXBBeE1iRWpLVkRreGJoVkhHUEtOVDc2UHNPaDN2MjZOMTl3ZE1OUHVtRkpZYjBNaGpHUkRjT3dJcjJlMS1ja2RfdFBNOFFOYVhyTmY3TkFWUzd5UDJYemotODE3N2NPNmxpUFo4QzFKREVwMGJELVk5enV3TnVRVA?oc=5
Oracle,Oracle to cut 310 positions in Redwood City - Redwood City Pulse,https://news.google.com/rss/articles/CBMilgFBVV95cUxNV0JTOVNWZW1VLTBsNDl2dzZMQVdURklmX1JCOTVsSVNZSmplY0tROF9wWUp5aHJhV24zcGt5U01NQUxOZlF2bzVqSVBUWjZ5TFY1dmkxV29ZRDdrM2xCVE5FQXpzTU43STBwTVJ0bDRGVmlQWVhrWWlsMkQwNkNjWUpYTnVJVVhkOHVYZmdpYWhFa0VKMkE?oc=5
Oracle,Oracle names Schneider Electric's Maxson as CFO amid soaring AI spending - CNBC,https://news.google.com/rss/articles/CBMirAFBVV95cUxOV3VnSVV1VU1BekMyc0FZVmdnVnZzcUR6cTJ1bUlZQ2sxYzU5TzF0OXNOUmdFMFBBbWh5TDdHQXJoVS1jbzhNMnVFdUVNVEhTM0JZN0F2VlVIM2dKZlo1UWtxa2YweXY4bk5lcXZkTU82emttWVZRa2xobG5kV0FzRlRWcHFyck1wS3FwRmVuQ2lzdXRXT0daQkhmeHlfdWx0eV9jY1NuWXllazA10gGyAUFVX3lxTE5yQmFBNFJLWktFTFFpTnNCU0tXR3FINTQwQ2NsUEVrX2FsVzdvOG0wcjI1NTZyODdCdFAxWUZfYmJTT2hLbWxVTTJjX1dvREEzSk5FblhOQnFqYTM3eHlGZTFaVTUtcDRObDAxZW5zSm85X2J3NGR2YkpQNTNaeDZ6YWtlNi0yNGtyV0tINUlLbUxlZTFad2h5QkV1bTRyOUh5ellOcnNEakZkalV5VGZ4RUE?oc=5
Oracle,Bank Of America Backs Oracle Data Center And Expands Digital Client Services - simplywall.st,https://news.google.com/rss/articles/CBMixwFBVV95cUxNbHpocEFNOXRUa19RdW1sMDRBak83ZTFhNFlVeUh5S2lnRmx1eDVuYTBNZnh6eGdOS1luOEEwMVZ3YWhtRm9OUEhqSWp0TmtzcEY5dkRId1gwcXRjeUEySEFVTDZ5TlRYRmV0dEpCdVhreHl5T1hXc1o1aFUycmJiVHZFLWZOM2MzWDhTaHBqaHhWQ0pDaGZBcmZRQU9hNkhPckUtSVo2bE9fQS05czBhMU9DSmdyQTRMQXZHbVR1ZjRHT0wzV1840gHMAUFVX3lxTE9tRDQ2eXdiTTVkY1JUeWNoVUEzaW1OejdDclVXN3o5eU85S3h6RzBKekhJRVFJREs2QzdrOU9kV3dZTjE0alhpV2IxTlN4TDM2Z2JPUEMwUXZEcDhkYVluVWVtT3BHU2Y5Ui1GS3ZheTl1ZFhTZ3I4MTZKQThZU1FrQm90M3hGLU41eVJzUVpaVGc0ZUk0RVc3TTNfaE0taVNyRk9rcXI4Yy1DSzNacUtzUGdfZ2VaM0pZT1pOWGpMN20yLUdHY2taSXVYdQ?oc=5
Oracle,"Oracle’s Massive 30,000 Layoff As AI Spending Surges - Forbes",https://news.google.com/rss/articles/CBMipAFBVV95cUxNdERvaFg5NkRzSXdfcmp5c0tqaWlnNzhjUTUyTDRLd29BM3RSMlVIX2RtOTBxS29ZRjZNVm9RZjJYTXJqaVdnb0kwcTAyQ29SV3Y5S0VGNXZ3N0x5eUpmYUJsZFBkU2VoMzFMajdyN3c3R3FjZkNyVDlqTVNfRUFXMnNGdkZlTGZaNlBEZDZjSFc5QzZBMzdTUlpnLWJUTVZCTGdDRw?oc=5
Oracle,Oracle Taps Schneider Electric Executive as New CFO - Bloomberg.com,https://news.google.com/rss/articles/CBMipAFBVV95cUxNZWZ3dGU1TmFwbEZLV1RfZnVOVEgycFRlTVdnSzkwRnlxNzdFNm1DUGxlMW10WlF1VUljUFdpZ2tlNlRrbzFEUXRfWktnUnZCTUo3YkZLQWNvNExFU0dzSjdvS2VkZkx1ZHJoSXZGU2Z2c0pZckZKUnBoX2RXV1pKbTdQRmpvZnhzZG44YnhsRzBUQzNTSmdudlhOLUtMZ1Q4OG11dg?oc=5
Oracle,"Oracle's AI Investment: Financial Results, Debt, and Stock Valuation in 2026 - News and Statistics - IndexBox",https://news.google.com/rss/articles/CBMirAFBVV95cUxPWFM2TklZNzVvS3gwSjZOd1RHNHZGR3dhcU04TENvV0FPRFFnV3hNRmhHTWdOVmNPOHpaVC1QUDRpOEFDMFZoX3BZOHRMenY1Z2M3QzM0Q01KcFJvZnRlUVZ2ZlFtRTZCSkVhOUlzS0lFWm1FS0x5alhYZXpvOXRObnRyU2x4c1F3am1LbG9TOGdmcV9SWlAzTmN1YUFiYXF6eWN5S05GZ3FOUnRs?oc=5
Oracle,Giants celebrate SFSU alums at Oracle Park - Golden Gate Xpress,https://news.google.com/rss/articles/CBMijwFBVV95cUxNSzhCcVhXeXAwSlpzcVFucmhkU2JZblBBV21BbjBGUDdfRU8yRVV0T203c3pXZnBKTkxlbWN5dzFQZ0Qxa0l2LUtEci1Db2xoZUlqby1MeTRYbUZDeFVFZ2FieDZsTVZyR3lNeTNra1dFUTI5emJGSUdoX280RGVqT3BLaWhZRkx0RE1fYXBISQ?oc=5
Oracle,Enterprise Performance Management Cloud – April 2026 Updates - Oracle Blogs,https://news.google.com/rss/articles/CBMipgFBVV95cUxNcU9xNzNTS1M2VDNySWJtLUhTdVlDalV0WGRrQWtqTV9QTUVKc0VkWnl1VDExWGhma2M5YVE1bmNodm9wYVFWWkw0bDVXcWJRODdxVDB1U1lEXzBSaTdOclpvR3BZOE95cUlvOHF2VFJ4YnVmd05GbVBhUm1XUUx0cHdia0JHdmpTYWVlNTF1eldnM3N2VUlydmNQekFwdUs4YjBYdkNn?oc=5
Oracle,Factor4 Gift Cards Now Available on Oracle Cloud Marketplace - PR Newswire,https://news.google.com/rss/articles/CBMitwFBVV95cUxPdXpFaS14TzdLZXFSX3c0a2RRcXFoOFN1R3hmUXJZWU5QV3ptazBScG9KQ3JGVFRraDhJSmtqLWZvUC14YlBvbTMyTTBfSnc2QkR6UkpBanhKZ1VhSDVCSUhKNzY4bTZvdUJLRklDU0x2YXhxWnk1MlI4Z0MzdENhc3IteUhWTEh0dnZPSE13ekM5aE5DZzRHU0VlZWZpV1ZJcFZ4bEtid3V1ZU9DaWZUNnFjYnhNOWs?oc=5
Oracle,Oracle Responds to TRC Capital Mini-Tender Offer - Investing News Network,https://news.google.com/rss/articles/CBMijwFBVV95cUxNOFE4eHcwWjZlQ1AzWnV1MkxhWUZoVHJHNWwyODFZYkd5V3oydVNNbGJzdS1jVG5hcEt0cnd6aVRoYWxnR0FwaDdlYXBlcWw4dG40UnNmZy12VmdjYlJZQU93UG5FWlE4NEphWFp4ZURYekRyOTlQS2dTZWFVMWYtYkxoTkh2M2ZnbnZ5OHBZNA?oc=5
Oracle,New Tech Chat podcast: What if the biggest risk to your career isn’t AI… but losing your curiosity? - Oracle Blogs,https://news.google.com/rss/articles/CBMixwFBVV95cUxQZmlQZDZ2VHFOcnpic1pzcHhYbzkwVllfZEVmeGxvU29iNzYtdE5CNVE2R2FFNXNJdUpKcG1RdmFtWXZqb0lZOGFYWlZUbk9EaXd0bTFsamJ6UHdwNUhKLUZPc2RiNEpCVHF4TU9LTjBVNXhFRkd5b2o2XzhQc1lxT1FYR0lUMHI1ejlENERGMHNwa3EzX1BjYXJQZWJvQm5tQU52dkdPbk9oNFNwZ1prQzBRRnE4bDktY2ZWLXRBLXFGLVZxNHI4?oc=5
Oracle,New Credit Facility And Oracle Lease Might Change The Case For Investing In Cousins Properties (CUZ) - simplywall.st,https://news.google.com/rss/articles/CBMi0wFBVV95cUxPS2RVd1hZd1lob0U2RlRFSmMzMFY4bzV4Ym1wZWo2NnBQdmJqMGo0LTYwdWNPQVc2aGhKZjQtSm5OcmtvQ0tDUDdITVBIYTZ3bEtFRnFlWDdxdXMySDlteVljSWZETlJFeHNmUFNwVG5UWTlaLVpJQ3pmTFE0RUgwWUhYQ2ZCUmx4NTNhcVBHSTliVl9vX2JBVlkwTUlpaGRudkdnbi0tTU1sR2U0RmVra0pVOXhVQU1pbG1IWVpTY0ZoU3Fya2xuNFIzMTVEdHI4OF8w0gHYAUFVX3lxTE03OVlXQjI2VE5SVUVOcXpXVmJzMEJhNUYzUWh1UzI0RUtfdGl6UnNPamw3d1FsOGphQjk4QVpmMUFMR1l0X3FhaEN0SU1wYXhYVlZKUmhJcHRqbTAyOFB3UDZfSGZRNDc5VjNISFJIeHJBdFR6Vm5zWTExR3BFZjg1bkJiYjVxSDF6TlhHYlhfZ25IY1l4cnFjNU5SZjBucG0zWDJDVHUwdkcyNXJXLWJMdDJUZjVvb184blN1RnhuRWlod2VuZzFsVFktRXI2bVBRbmw4dmFzTA?oc=5
Oracle,"Iran attack hits an Oracle data center in Dubai, causes limited damage - Data Center Dynamics",https://news.google.com/rss/articles/CBMiswFBVV95cUxPVmphTUYzZS1lMVBFWU5hSzlzeE9lUTFldGl4ckNmeVEzYXRBY0IxY2JUcklZQ0J0S25rZEdRWU80M0FCeTAwVXRxbC1YUk81bDBDbTQwSHNvSkdEQkVVMGtrUF9UM0FyS2xVNUR2UXFqV1NBM1ljU0ljOGZGSnJRRFpRSHgzNXJsM19NYXpYbXhVVGxFM1h4X1FHQ2V1RkZzTjBrZGozRmV0RDJUYm83V2Zydw?oc=5
Oracle,Extracting Insights from Video using OCI Generative AI - Oracle Blogs,https://news.google.com/rss/articles/CBMilAFBVV95cUxNeTdfTXNDQVNjSy1wa2RaaFhRbmd2eGQ4enhFZVhucGZKV3BBakg4R01NWUZJRXRwd2RaczBzMEg5bE5DM1JlcVFmWHpTTDA0dlE5b1ZwbGFFaFgxaFQwM091NU14eWdJQVE5N01kMGJ4M3FvTXNoOVpQVVZxMTRNTDJCV3dRd014cDVzSFdMT3IxbVNr?oc=5
Oracle,"Oracle Corporation | History, Products, Cloud Computing, & AI | Britannica Money - Britannica",https://news.google.com/rss/articles/CBMiYEFVX3lxTE5oaWRXcU9fcDZkRjJZalRiVHd6Y1dfQmZVNW4tVkRsMUZKTmtUeGs2T3FLLWhrVGtUbTJtTHdKS0RraExsZUdhMjVLQk9CZXFldThfUTJubk1xRFVqdnZGaQ?oc=5
Oracle,Oracle axes 150+ Pleasanton workers - Pleasanton Weekly,https://news.google.com/rss/articles/CBMikgFBVV95cUxNME5YYXh1QV9sTFVKZElKR3VJbFJqT0w3ZExhakh1ZG9ZdzVCR3JrQ0xWcFQwVDQ1c1FYdUlSLW9rc196bU0zeUtmYjJlZWVsZ3hVa0kzakVDX2t3bF9lRjluU2J6V0FfMDhVZ0xWaThwT3YxckRrNmhwQ2NUV1ZfWmFCSXRJSjZETGVhS3QzSm5yUQ?oc=5
Oracle,Oracle lands top Gartner marks in 2 supply chain planning categories - Stock Titan,https://news.google.com/rss/articles/CBMivwFBVV95cUxNcm1mb0tTVUtJd3dmSTFadWpnNmVhTEhMM0lmZ2hoZTM2WWJoY0pUSk5UbW9HbGw3bkJNdFBpZXFYWDdpWWJrUGVLVUZPQ1d2Rm1wUmM2cng2SXpwWnRTU1FYbkNpbUNSSVBVTTZaSWFFdzVZeml1c2xQd3hmajI0RHY3eHdCbnNlOVdiWk45eHEyX2RVOTBvSEZ0dVo3VWNxVUZXMVJmb0VvU3R6ZUJuM1VRa1Q3UkY5bFhIMVlCWQ?oc=5
Oracle,Oracle's NetSuite Division in Focus: Will it Boost Revenue Growth? - Yahoo Finance,https://news.google.com/rss/articles/CBMipAFBVV95cUxQRG8wZW5FeHBDSkUwaFBJbmFoZ1l1WVZ2N3dMaUFSNUhIUURxZW1HQkJsYzMxRURhME95ZTB3UUtfb1M5S1FKU3FOM29kLVdaTEZVZXpTN3dERERETElNeE1iQVZfNjNWdnYtMmo0VmxObnRRRWNQMHF3ZXU1bm1hOXlEQkV3VHFSWFZNMjBTTHJmTGlXVE9fajBEb014bUEteW90Ng?oc=5
Oracle,"Oracle Just Got a New CFO. Does That Make ORCL Stock a Buy, Sell, or Hold Here? - Barchart.com",https://news.google.com/rss/articles/CBMiuwFBVV95cUxQSHZET3d6QzdiX283dWhPM1ExVzdPZE5RZ18tV3o0THF0QkNSOS1kVmlacEItcnNPdm1JUFRiSENwTGljbEp3Q3pMeDFnTWgzdkhtdDVkNFhER3dqd3FpSFJCOEpJOW02Ty13endtWlNXVUliSnVvbUJDMnZGUENHTzRicldwb0FjZVMzODVGZXMxRzN4bF93VTVLb3k2MlZsRi1LelVnZG80aXFiMWFjMDRieEZkOVpLMzE4?oc=5
Oracle,Oracle Multicloud – What’s New? - Oracle Blogs,https://news.google.com/rss/articles/CBMihAFBVV95cUxQQ3c3aDc3aW1CbVN4Q2MydlhuNVhPZm4wZmZrVFdoQXdiTHdBOUl4d1ZsNXpvY19iWXgxXzNjMmY0MXIzN3VhOVJxQXNNVXN0aHFyekotcHJKalFTbG5INDZkbUFLMEQ3OHZRZ0NETlhxSjlhUko0QWU1ZlhUS0NJSy1JVlI?oc=5
Oracle,Thomson Reuters delivers validated global trade content for Oracle users - Thomson Reuters tax,https://news.google.com/rss/articles/CBMirgFBVV95cUxOWFVqWUNOUUh2UFFoRUsxUGtpQkNSSWtMSjNVQnR4QUVpV1JoTWhxWWhUbUxPc05pSm5FUUlDME5NMjhpMTNBOHdkSWFLRkFnMXptRmlpMVpnRUlTbF9EY1FkMXdib05CZGQxbTVoZ1M1aXlmQUVVaTB5Sl9VajJqREdTalBiUzlodFdscGRMZHNSQ3RoOTktNmRtMmFQMDhhLWpibEtZbDBqb1o2anc?oc=5
Oracle,Oracle responds to unsolicited mini-tender offer from TRC Capital - Investing.com,https://news.google.com/rss/articles/CBMivgFBVV95cUxORE4yQk8xSzNsX1VGLTdQSkJyVGoxTHNBVzhkaXNDaTBTT3p2ekhjSTJoZGtxNnB2NDhxMTg2aHA5djR1SHJ3dHdqOHBvM3g4aUNRSUNJdGRVc28xZlM0VWJuVHBuUHMydGxZVGE5TFdBMFZUUGZpMmtxWkdyLTRMeUJKSWdOdzA1QkY2WTJnWmswcldKa2hXVnZKTUw1WUFSZWJ6eWk2ODlWNmNSLWwzOXl6VlY4eE9QbWluVHl3?oc=5
Oracle,"Disney to cut 1,000 jobs, marketing hit hardest; Oracle, HSBC layoffs - madhyamamonline.com",https://news.google.com/rss/articles/CBMiqwFBVV95cUxORU5pTnQ5RVFwWmJtM2JWOTJUbFN6OTVIOWg4QmgtZHg4Q0daTnR0ZTNYcXExYWlXX2dqdWJQcDJYeElneWdIdDF3X3lZSzh2b0J6TWQteEpDQ3FFdExrMXBsR1BycHVxaEo2Mmg1ZGJwLUtYQ1pDbExlMVlibzRmU1J0ejZvQzN3WmY2alZLeEx2bXBFTHJDc3VxSGZRTUxLRkVwTmhXNHVZczjSAbABQVVfeXFMTkQ5QjUtd1E1N01kbUJ2aF85TmdXV0h2TWNhSl9BWGhwRDBBUVVKYnkzUlVUdHJSbWc4cjh5OGxKS29qLTA3bWlaUlFyeHh6YlR1ak1fY2p4VWw2cnVOcy1UZEJZVFhjUjBqaGRWSnk2U29LcF9EMkpGU3IydngtVlFGUDVCOTJEeUE1UFdMVkMweDY5VnN6MDVwUXF1WXZmbjNkMXBIREF0UVp3MUdHaWc?oc=5
Oracle,OPINION: The USF Library shows power in silence - usforacle.com,https://news.google.com/rss/articles/CBMiggFBVV95cUxQT1NYa0RfQVpWYU1Kamw0blNhcHZndUtfNEhFQzRoYXZtNnYycHpLTlFhLWdJcU83ai1qSG5BYVZObVhhY1RzRlFxRTg2U1JxVzhvTmpMSElYTzBvbDBxY2xYLXNFTUZXT1hCUkpwZTZzeDNrNkpKOTdTTXZMOGRjZGdn?oc=5
Oracle,New Adapters and Connectivity Enhancements in Oracle Integration 26.04 - Oracle Blogs,https://news.google.com/rss/articles/CBMiqwFBVV95cUxPd3BaR1VTQ3pQZDR2TDdpNWYzbFltM3RIM2R1S3N4SGFzcWttRWd6V0NUbVN6bmlvUzBoNDdMdGFnTDR4OEJfdEcwSUVSMUJTdl94SUxUT2pleWR6YmNMVWNtcnVHR1ZDYVlSUUY1ZzA5LTljNFg4VndBbHJ1VWR5OThXNkh6WVJOZXpXS2g4Nm9BMTNKM2hfaFNsSmd1bFB3Z2FOZkNwZHFNclE?oc=5
Oracle,Pimco in talks to provide $14bn in debt financing for Oracle's Michigan data center - report - Data Center Dynamics,https://news.google.com/rss/articles/CBMizAFBVV95cUxOaWxQR3l2X0h2TFpkcmdPa0ZHWU02dWhZTDVlWEVZMXRPaHJiVk5UR081Ti1uQjdlR0hfVkhoQlNaSFh1ZFlndm5adVd1RTJ6eTBjVTRXZlRQdnNYQm9UYldrOTZGQ0RvdUNoZFlNaXFLRlhmNFhZNjF5RVpZSUl6YUh5UWRWak1MSVRxTTlYRkprS0VUU3ByZ2VZYU8tZzZQdlFQRFpoNWRvbGdjNHV1VTRzTkZyUkdNb2lOUnkwdVlfLVNWNDhoV1JXMi0?oc=5
Oracle,South Carolina utility cuts nightly billing time by 3 hours with Oracle - Stock Titan,https://news.google.com/rss/articles/CBMivwFBVV95cUxQeWR0M0xrcG1XSmUzaWZCSzFTNnJ5T2NFNi1rUS13ZTExMGs4Vmp6bGRXcVNvMklPUGFjUjlmcDBiNUFuVmw3THhCdlRPcGFUZ2pJX1NMS3VWb3RlaHJ5MlRfUkM1RHM1MXZQektsUnJiT2hxaUt0NWVVTm1GVjBBNDlyTV9lOFhrZVljaHF4OGxFOUk4eUJ5SEY0VGRJSkFxRmZCS01UakxZbWxOQ0hkNXVVZUpLX0FtQ194VlF5Yw?oc=5
Oracle,Oracle Unveils AI Database Agentic Innovations for Business Data - Oracle,https://news.google.com/rss/articles/CBMiuAFBVV95cUxOVDg3bHM0Q0VGQUNiTjRvaVpELWV0VG1ocDBwX2tMXzFWcVFMSTZHREhWVGJuRkVETkxIT3JjbXR3RTd3eW9Wcm4xelljelBuZ20xSEZQRGc5OHgyNkM3UlZVYnVCX05MNjlzOUN6UWgzUHk3VmpzVDdhY3RRdjdqa01qSnFEOUxtLTd3UEk4RzNTeVFKOFY0RXZLaFZFdTM3ZXRUZlBVeUIxZ1paeWQtOUVJT25UNTJo?oc=5
Oracle,Pimco is reportedly planning to sell a portion of Oracle's (ORCL.US) $14 billion debt financing related to its data center. - Moomoo,https://news.google.com/rss/articles/CBMinwFBVV95cUxNY0lqUW5yUTNDTkZqQkQzS0NSaWJ1U0FxT2Z3YmVadG1RRHExNTdublNtLUFoVkE3MkdaY1cwWGdlcE9jdVRKZW10YVJramljemQ0VDcwTWlXVFd3bUtjbnFYSWVTZTNKMUtrQmZRakFiMXMyYkY1bE8xWk5HX0VPSU1BYURRUEIzWEVETnBnbUY4cEduMTB5c0JtaE1Zc1U?oc=5
Oracle,Oracle layoffs raise new concerns for VA’s electronic medical records rollout - Washington Examiner,https://news.google.com/rss/articles/CBMipgFBVV95cUxNcnRxRk5LRldRTE1abG93TndNZDFKdnl5OTJaZEJWNldzVmNlcHA5TFRvRnZkSTY5cDI3QUhYWjQ2TWJVOV9aY0d6Nm1LS1hQVkR4Ym16S25VSmYwdUJDTjFFbExvLUN3cExsV01QSmRENVZndG1MeHcyeDNiS1ExemV5VkYxTElZeGoxdEZRUGpxSnEybzh6VzFxbmNwNk1xYUhHLWJR?oc=5
Oracle,"Oracle Names New CFO On $950K Salary After Axing 30,000 Workers In Brutal Email Layoffs - International Business Times",https://news.google.com/rss/articles/CBMisAFBVV95cUxNN29YS292Nnc4Y3RQalBLb05qVlZXUVIyeU9reU1kS1czazBwaGs3eTNuVUJtc0x3TzlDaW4xS1E1bTdWTkFOckdzdkVham44MnNuczExU1JzOEZXUVY3T3ZJYmNZcGhMbUNnVmo2ckNoNGtfRWY5dFVZODZLeTZOd2swYVRkUGFkVGQ2NElyOHVISTlPaTVJTTBuc0ZjTUFSNkJZNjhmbVEwNlZac052eQ?oc=5
Oracle,Giants believe deal with AI company is sound decision that will expand fan experience at Oracle Park - San Francisco Chronicle,https://news.google.com/rss/articles/CBMirgFBVV95cUxNWTBkLXFoeGtxOUwwUVc4TmdndTY1bVFTQndXdXBzRHliZkpJZFh0MTJxNUVGMDktSHNVV2tvNnE5b2R2NW9rc2JiRzhTa01tWU4telNTWVlNWFdVY1d5cFU0cENITFp3UTZPX1BTcEg5WlNkMmJXUC03ZDQ0cXhIVFNqQzRlZ3ByQVR3dEtra0YtRmJUaVpadFFuczEtSG9RcVFCZ0Z4VnBqbFBnN2c?oc=5
Oracle,Oracle taps Schneider Electric alum for CFO amid AI spending surge - CFO Dive,https://news.google.com/rss/articles/CBMikgFBVV95cUxQNDUxNzBJZmNXQXZVWi1aanAxX3BudktxRmR5bkVoNzZTMlVYQVliZWd0T18xU0hRRFdlc2g1Q0tUTGF1a1dXU04xNGZsX0kzb3FRS3dqTmk1MW81c1o0bHZoeWlKZjFtcm1uLWdOYVdCSWZaa1VsdFFGaElHVnE3UlFTSmR0SlZNb3VraXFSS05Odw?oc=5
Oracle,Oracle Cuts Over 700 Jobs in First Wave of Layoffs - National Today,https://news.google.com/rss/articles/CBMisgFBVV95cUxQWDJhSnR6Z0hZRGhnc0ZZWDJ6LWdtbTAtQmtMam5nZFJEN3FDX0hiMlhNcTVzMjBkUDFqTWVzRHBnVDctQkNMek1pT2szVUY5d2R5cjdoMk14U3k4b2RhOERBN2s1MTdVc0ZiTWxKdVFyTVVWbEpyTTlXSEhaZnZjNG5PWG5uMUdUZlZhTml5ZGFpMHhJTGtQeVptak93QjRteVhuYUluV2EtYm5aRHZ4LWdn?oc=5
Oracle,Oracle signals massive AI opportunity as layoffs hit - thestreet.com,https://news.google.com/rss/articles/CBMimwFBVV95cUxQLUlmUlBucUZBd1p0QTVxLVpvbWFHQzV1S3p5Vm4yMDZ5enRBZ0N1VU5FaGVFNHlOXzVISWlYQnpHcU55eUxhUTNPa1I2UlUtZ1NJM2hOelZoWDY5bFF0T0I2dGYzdHMwVzRzemc5R25qdUpud0ZCSTZGb1lXbXNIYnRmOUR3MmRmNzZWeHFVS0tEZHBQQkhMOWVQUQ?oc=5
Oracle,Oracle cutting thousands in latest layoff round as company continues to ramp AI spending - CNBC,https://news.google.com/rss/articles/CBMicEFVX3lxTE9EWDd1VXBvQWcwcDFmbHZlRUk0aEoxcmJ5SGJKQW8yMEczRjJIVERubFRqc2tDUGRHSkcwd3Rkakc0YjJPQ2U1VExuZGZuTF9DQmNSMEZxdk5XVUFnRWNRQTlnUTZSdlNLQWpZdWZpSE_SAXZBVV95cUxQQ1F1bUtBSmctcDNFRVhCNFJSX0xQcnRGMHpMNF9mRkdLZEN0cXQtU0pveV9Gbl9Bc0R0akRoRkFJcHFnV0Flc0UwQ1RmUUdpeHNraHJyN1FLTkNqbTFRQzBmVU14UXVZYTdnWk5ZeHh1amI5Q05R?oc=5
Oracle,Oracle Has Taken on Serious Debt to Fund Its AI Ambitions. Can the Gamble Pay Off? - The Motley Fool,https://news.google.com/rss/articles/CBMimAFBVV95cUxOWXFRR0hUY0phVmFrOFJxckR5bC1Qc1pQMjdsQXlyeC1jZVBmZkNIaWVRWmdROGVNVVlVTnVJWU9hdjV1WDdzTURmMjZWdFF5WVVYS1htcmtyVlI4UWJNbXpVcWFjNm1qaWQ4bFNuSkpFbUV4QjZXdG5VelFvTzd2bUFKNXhrc2JLcHBobmd2bHVXb1NwVGhfYQ?oc=5
Oracle,Oracle hires new CFO on mammoth salary after ruthless worker bloodbath - New York Post,https://news.google.com/rss/articles/CBMilwFBVV95cUxQT0JkbjkxOHVVNEkyOVBzdnlpVHlEMVNlbjBXbDZWMTFkampBaTN3azBRMXoxaUtENUliSW5ZWmRscHN1SWM0SmJKX2dTRHFwVk54U29oZ2p4Y2Q5cmFjYmdvNVZuWmNJTTBOR3lJbWJoTlRYVUgwM0h2aExqS1dMWFZoYjdaa1N3ZlJCZVdSajN3MWJjSElr?oc=5
Oracle,"Oracle Appoints Hilary Maxson As CFO With $29.7 Million Package After Firing 30,000 Employees - NDTV",https://news.google.com/rss/articles/CBMiygFBVV95cUxNcWtRX0dEWVhpaktIVXRfOEpla1dtekRhRFd3RWs4cGVCM3N1c3FURzNPdUZSUmR1YjJRYnZYVzhaNXM1cl9xVFZRb2tnT2pRdHd2MGRNN3ZBZWcyaDJNUm8yellnRFZHR3dBbkxaVDhJWFB1V2hueVZ6aWhNd3g5dGdvUjhJbi0tUktMVjFURFRISUVpb2pQX0hYTHVlZWRWY1VDY2ZTMENEWHpfVWhWMkdNM3pQZElCT09UbS0yNVZzTmhFSHRHZjhn0gHSAUFVX3lxTE01bV9pUVhOQjBCMmdrSWlWbEZzcXNhQURDeTBXRG8zUExkOG9tTXhKNU90MnZ5ZjVMVlJ5ekVYUzBiTGs5QVhqdmY3SnhWeGFhc292LU9UN2VsTGlMRU1RSFUwekItVk5uQ2hKU1B0UlFXeFVDMlR5MTdpek9nUTNSUTQ4X1BKeTRaNmRTMllzMWEyLXlJTHd0RkpCdzhKT1ZEMHNlbnQtcm5mQnIwN0ZvdGpneVlxbkszVlpHM0ZETXJRTmJPVHNqS3owanBzN29tQQ?oc=5
Oracle,"Oracle Services Market Analysis By Application, Type, - openPR.com",https://news.google.com/rss/articles/CBMikAFBVV95cUxOTWZxY0FLQ2ozeFhUbU1SM1NENlRJX2JsOUtVUTY4UUV2WjFTZWI4elpvendrbkhQYVRUalBSTmxUcUNSRVdEOVMwaEdzeXhHVDAwZ2VnZWR3OFFiM3Z3dDZ1NTltMGZleVNPbk9uTFJtV1dQSldjNThuME9FWW5MX0JOOGQwdzEycTFZdy1ZNVQ?oc=5
Oracle,Oracle names Hilary Maxson as CFO amid AI spending push - qz.com,https://news.google.com/rss/articles/CBMic0FVX3lxTE4ydlFva3RMSmZtLUwyTjY4RVZZX2pyNGVuZHVpc1hDbDF0UEF2ZFpnLW53TFVXX01TWThjLTBfUG5rRWxfWXItZzdhMVc3STB2SUIxUkFXQk1Cb2dwMXFWSzVUZEs5UWNrRzJxS24xeHk5WjQ?oc=5
Oracle,"Oracle Academy fuels future innovators at SNHU’s 2026 SETA Challenge Cup, New Hampshire - Oracle Blogs",https://news.google.com/rss/articles/CBMiugFBVV95cUxNaVdIY0JpekNJM24xTlV3NHZ4OEkxOEhfVEh1N3lPQnZGc2t4aG1TY0szSU5KUFVKb1FidklCVm5yQnZ1Z0JLM0MtdkRjV0trZG5KYUd6aFlGVXk0NGpuaHhjMkt1V19CalZtU0ljeGcyNERwYkx3WmZ4VFF6Zk8xUnJpWDJsN1hHc25vUjNnWG9YN0RJWF9KSWlIODZnb2JNYzhWdFU4N0x4cUVjRk9TYk1nUlRIMVNsZHc?oc=5
Oracle,Oracle: We don't endorse TRC's mini-tender offer - Breakingthenews.net,https://news.google.com/rss/articles/CBMimAFBVV95cUxNblNSWTRLeUpPWkp0NGxVN1RlTVk2VHhoX2JiWFRTTUJqbF9BVjVLeWRMNmpsUXhVakFIOTRtc2tOLUZjT1VPTk5kRGZvaDUwdWt3OEtQc1hBcWtTdmtSM3gydDZwSVQyZGZYX1JhSV9QQmotbTBtUjVIYUF1XzZLTVVBaFROc0dMZ0dFaTFtYUw1LURhOXFvWA?oc=5
Oracle,Oracle (ORCL) Faces Unsolicited Mini-Tender Offer from TRC - GuruFocus,https://news.google.com/rss/articles/CBMimgFBVV95cUxNWUMyUmRyOGVEUzFidWtCb3VZRWpwYnVqV25oRVViTXhlN2ZubG8yNlBadzhueHF6VklyTllfSll6UmQyMWlyLU9IZFhpN1VVVWZrV1VoOUZ1RC03Tmo0cnkzcmd5QTg5NmVWTG1FS3JGYm9DR0tnVFp5bHRYaEhWTG16M0RLOVdrcnFqR0pNc2VfVmc5WWJPR2pn?oc=5
Oracle,Alumni mourn the loss of Groundswell - hamlineoracle.com,https://news.google.com/rss/articles/CBMiigFBVV95cUxPYnFGbURIeWZzdHRDOFhXNUJnczA3MEFpbHdvNVdSREJfMjl1S282RDUwQzJ4SG1YT0lJOUV1Rmc2VWdIVF9LTkIzMTdKYU8tSDY3UUhtaUpodjVtMEJ1ODhXTDd4Ym5BY0pEazJjZWh3b1Y3c3k1WXctMUZ2OGpzbHRJM0tlU1RlRkE?oc=5
Oracle,"Oracle: Layoffs Fulfill The Promise Of AI, 'Buy' The Dip (NYSE:ORCL) - Seeking Alpha",https://news.google.com/rss/articles/CBMimAFBVV95cUxNdmJ0ZFVnU1VreFR4cEZGSkxJdDgzSFFqaGhHRXJuVERENnZfNVAyZUdscy1pQTJOeXAyTFhBaWFyNmNPYUV4SURrbV9zZFVRcXRhWkJVNFh1MXZnT0htSDdGTmZCMkZDSnFCU0dzQUlDdEt5NmhOUnZmZDY4NXV3dTJmVUpSeGJIM2hKZDBuYXNvZE0tVGlBNQ?oc=5
Oracle,"Micron gets $600 price target from KeyBanc, Oracle names new CFO - Yahoo Finance",https://news.google.com/rss/articles/CBMirgFBVV95cUxNSS1lakI2SktnajliVkIxQkZpaFM5OUtVODZhLUZNcFhNU1NDWk1YNUFEd1RITFdka3VfWFR4SkFqNVZwSmNubjJiMVE2MDBUaWp5bEgxOHhsSlU1dnhCclJJMnVNTHdpMWtjWnk2N1dkTVdDOXZwLXp3RjBFX3J4cUphcXlzd3pCcVY1X2Z2VHk0MDc5TlBRakVBQU1LZWpKaHA1ZkRzNjAtU3BIVWc?oc=5
Oracle,Oracle Integration as an MCP Tools Provider: Building an Agentic AI Invoice Processor with OCI Generative AI - Oracle Blogs,https://news.google.com/rss/articles/CBMi3AFBVV95cUxQVEJ3cnpKaFY0cWxNTERvYVlTbW51UVZ2a1ZkX2VaWUcyNVBuOHNUdFJrX20xS0owNElrMGd1VC04V1VJWHdvQ0J0Uy1MblUyTGNtRDVhVEExMHhGNC1mLXRxM1AybW5rdDdKNFFSRTJ6V0JCb3RVZDRJNl9MeHZ2QkNhX2FqZjlCQ1BPQmx5dHR4TG90c0FLb2Rtc3lMOEpQMEJ2VzNFTWc1MVZlRzYxQUlLZV9KWHdTRVJzZTFJOXBXRnpOQmNzWTgtbTFMTGQ3dWtjNmZNekxZOVRG?oc=5
Oracle,"From design to construction, Oracle Academy Reboot Culture innovation workshop helps students in Italy bring vision to reality - Oracle Blogs",https://news.google.com/rss/articles/CBMi7wFBVV95cUxPbk1Oc0tUMmxhbDV4SUs2RFQzbzdRVVM4MG9wOF94S1l3SFVrWFJPV3BSZXAxS0o3dUd0ellxbURCQ21pNnFXbHJieFBkWkI0OTBBTnpLX2NYeEVtdmR0am1rV3o4MjJxeEt5aDZMMFVWUmRmT1hKUnBJb1lJYml4QWVJZDQxOUJXYjVpQ244dVJmXy12ZDBoVnVsRFZxMTBLb1VSM2tVb3hqYkxleks5TV9Kb0RyODBKbkpwUDhJX2M4Z1JvMDJJOEVoYXV0aUVZdWFvajY2WWJKUW5Qa1dOTUJCckpwaFYyTVhGTVpzVQ?oc=5
Oracle,New Oracle CFO Maxson Brings Energy Expertise To AI Buildout - crn.com,https://news.google.com/rss/articles/CBMimAFBVV95cUxOWjZHeHlyTXhzcUxYUThuelhhWmdfcU00TTJVbjFZdkVkdi13dzkzX0htamtUa29odXluSE54Zk1kM3ZaNmpfZUVNRUFDLWE5UGVBc1R2cTVrU1ZWVGdEa09hQ0VZRU5zb0tBWU1MMnRWc2c2UW9HNUVsY1dKSVZHemFzVHlmMDBDWlh4bnk3dW5VVW1qd1I1aA?oc=5
Oracle,Pimco to Weigh $14B Debt Deal for Oracle Data Center - marketscreener.com,https://news.google.com/rss/articles/CBMipwFBVV95cUxQUzVIWG5aeHNQUGp0a1VrUURSdVU1UDZ3UkR1V1FmUkxKUXlORi15T1F5aE5GZGlSZU4waEZKMUlrdFVta3dfNWh0VWZpX05lX1dnM3dsODYzNERyQy1neXdGb1hvaU84SEhNSzBFUFhJYUR5X3FXOVZza1U4cjE0d29tQnBWbDlMc3g3RDdydjZFM1J2eEZYWlZEY1JxYUxuYVREb0thUQ?oc=5
Oracle,Oracle’s new CFO comes from the power industry. That tells you everything. - Mint,https://news.google.com/rss/articles/CBMiywFBVV95cUxQbEpRRWhYV3dNNGxQeG5JZmdIaWc0X1FhR1dzQWZLRUhScnRaQjRaU2lIR3Roc19iQmw4emdqR2VUT2lrcE5iN3k3X09hZjMzUlRYUTAzcFpzNkF0RjZMbEJ6WmdIS2ZZUFZ4d0RSTlN1Q1V0YmcxdzU1LXRrNkx2LWZtNGZLbTNMejVnV2NJeDhNZXBlbVFKZlc3WVZxVTFvaVhZRFZJcVNNQm5sUWN1c3A3MlpQWTlZT01kYWZQcVJCTDNVMmdlR3BSWdIB0AFBVV95cUxPbXVlWG9NQlNpRnEzMmRvSmJWSmFsSGlEQzlCTUZIV2I4bmtCaTZvTTU3SEw2UzlCVnJqVXM2Y1d1ZFhkR0hEMkZPWDlvYXR3NVBNdjItMjFWZjhBNkVmSGF1dVhMODFETFlTLVdUOWJndmMzQlBZRE9ZQnhUbnhSc0dSMGF1SGFrOFIyeWROZUVENEJNY1M4RkRiOG1hTDh6VG1md0JSN29wWVlLZ196WFR1cFJVdURrRXFvOG9aaXFWaXFrTjBublpHaHViSnd6?oc=5
Oracle,Relational Database Software Market Is Going to Boom | Oracle • Microsoft • IBM • PostgreSQL - openPR.com,https://news.google.com/rss/articles/CBMimwFBVV95cUxNVGkzd0hSMEhuOHVNSUMtZXQ3eWd1SS1yT0lMeXZpUEdaMXJ3SWxRdWVuWFdXcHdTRER1OUNsUDFmc21PZ05HTzhSWUFsb0hVOTVYV0JZRXo4SkgwTWxZOXprRGlKdjlvaExlb3NoLWtaTFhSaVNfckNNUWM3TXR5NlU1anBHazI5cjJmMThybnBXMS1HSm0zY1RTaw?oc=5
Oracle,Oracle Positions Itself as AI Infrastructure Leader - Let's Data Science,https://news.google.com/rss/articles/CBMimAFBVV95cUxPYXJrd3R2UTh5UTVYUV9nWlp1QmZLNmZOdVBOVHdXdER1V1NPR2NIRjRWOUtsRWMzUmN2bndKeUhfZGNMUUYtVHBMWmJHX3lUUkFRc19IY0l4ZEVqc2xnRG52V21keWZGV2plTlpoajFjSklUcUdPUnYzRkpTaEdkLUFSUm5FTG04TEpfVzhwSjVCWTVheW1SSQ?oc=5
Oracle,Oracle’s layoffs: From inbox to LinkedIn in minutes - HR Executive,https://news.google.com/rss/articles/CBMif0FVX3lxTE9vd2hvQTUwMWd3Vk1PQjVxdzBUYWdDdjBabExlZm56U0JnanJGbDQwc2RIQkw5U0Q1ZzFsRlQ3M2lsYVA3Z3ctcGktWm5BLXVxTV9YM0pzNlJabWxGRkYyelY4Yk5hMnFZdDVRZ0Z5UXdldW43V0wxanM2cy01V2c?oc=5
Oracle,Oracle AI Factory - Oracle,https://news.google.com/rss/articles/CBMiZkFVX3lxTFBaeHVVQm5fQ1d3NjlVU1hHUGU4YUxiOUFpbEZyb1poOUdvZ25OdVhEaC10X0lRVF91VzN5UlZjVmNSLUxlcUVfbWI2dGk0a3oxd1hhdFhUZ1lFal9IY3ZXN3JNeGVOUQ?oc=5
Oracle,"IBM, Oracle hail ‘resilient’ on-premise compute despite AI data centre boom - Capital Brief",https://news.google.com/rss/articles/CBMi4AFBVV95cUxPMWZIN1IyRDhETjF0VEtGbGZXNjBiOVRmRUFvN3RrdzhGeDhWeV9jeEo4OGVSZ1h4WWZicDZnbFFHNXpJT2xtMjNNLV9iYlR6N0NNZEdRdnoxdUQxQVNBOXpVcm9hS2xLU1F3LS1URmNkQjROUkoyMHdRTTJxaEFHdE9VMUVDcV9PMUlkZWFLZnd0bjVpcTF5SlBGMU16cmdlV25oNm5GenJGSmVIakxUNEp4V21wdXhJTlEzeFM4aGEtRjMtdFdja0RucnFMNXNOQjlWQVlqbmEweFBsTWFuVQ?oc=5
Oracle,Factor4 Gift Cards Now Available on Oracle Cloud Marketplace - marketscreener.com,https://news.google.com/rss/articles/CBMiswFBVV95cUxOQkI0TFlOd1pTeFpXWnZfQ1VPb1dMNWVsUUhiT0Nid01yeGdJT3VMOEFoVHdVYXhOTlJHd0ZvUldrdlhYMnBpUERBQXQ4dkcwd2lpbXozcGdOUkNjeUFlS3lxQlpCUXE2YUJubjBaOUhBTzNlV1Z6SGxrMnRqZndSR0FEUm1wQ3I0Rm5WOWlDaGxESG9LVjdKVDBNVGF2enNtSzBzZG5vN1pwMnpTLV9RSTJHWQ?oc=5
Oracle,Oracle Shares Are Down 24% So Far in 2026 Amid AI Bubble Fears. Can It Still Come Out on Top? - The Motley Fool,https://news.google.com/rss/articles/CBMilgFBVV95cUxNUHBUeXE2TTN5VS0yUDFmNmd4RXpTMFRIazFYTGNtYXUtQUNIQ0YwLV9Hc3BJazZDeDYyOE9RV2NHSzgzXzlIWWtWSkIzRWJjWVZrVlVvWUhKVElKazFIeS1jaDVmXzNFWUpUX0ppeUhKaUVrSHItc0JvLUdaeTN1VDZmdjRDZ2F2eUtjOThwU0Nza0p1QUE?oc=5
Oracle,Myth of the AI Oracle - Lawfare,https://news.google.com/rss/articles/CBMiakFVX3lxTE9jUWw3SFNBN0NRbkxDN1BYTG1feHI0UWhBaDZzYjNlcGF1am5iWHc5X2ppdGNKaGdkSUNfNTRwZUY2ZVJSTUZ4Y1F3ajYySXhxNHhVM09DeEg4UFBEUVppa0VoR1hUVG4tWUE?oc=5
Oracle,Yousif Capital Management LLC Has $34.90 Million Stock Holdings in Oracle Corporation $ORCL - MarketBeat,https://news.google.com/rss/articles/CBMi4wFBVV95cUxQZUtDWklKeHByclBSbFhrX01ncXk2aEprZ21nVzBZS1h0OFhiVk9HU2x2TzBCa1VvSzFCMFo2Z0xTMzdOeWc2eUo3djFFQTV6TWE0SzEyaGFEZmRaWUtzRmRxYlkyTzd6dEFKeDJXWFdXMTNBRk9KNURfbEdzcHBEMjREdTFTQ0Y2cHJDcmtxY0JVbnhrUmt2cDJabG1aRktrUkFZTG5lRHc0aE9MeVZxaGFFdG10cnNVNlRXVUdta2RPM1dwQ2xrT3JBLU41VjBCbFBqckdtNzdidWhyc0FYb3drUQ?oc=5
Oracle,"Oracle lays off hundreds in Seattle, again - The Seattle Times",https://news.google.com/rss/articles/CBMilgFBVV95cUxPUFFmMGZNWFNUaC1vb0hhUzBmV0R6NXB2cDQ0UkxKb0k2blY1LWpoRWdtSEdxOW9Bc21BeWJ6VTJMbFhlem9DUlE5a0d0a0FLUlNVZ3pQbHdSX2RXcWxmUllGZHV5aEJrM25zQmFUQ2xCTnpoS2piWXhXNE5Velk3UVJaenh1NlE0ZzYxZU5pTWo2akYzdHc?oc=5
Oracle,Clearbridge Dividend Strategy’s Updates on Oracle Corporation (ORCL) - Insider Monkey,https://news.google.com/rss/articles/CBMirgFBVV95cUxOc1EwTmdzUWs1SWc1ZEFQWTJBWmprSk9KUU5waDNsclpfQWhRYXdmZGFxTE1jY1lSemx2Ri1OVExVZ29hQlI1emNjbVMxczM4YlVzamkzcWRFTWFtaGtsTWNNUkpJRkJKNzlGM1A5VE1JMkNJaDc4bGtyRU13WGNZTHBnMXNBZm9PV0lQMEQ3Mjh2NExTYUh5b21rQkNhMWtaY1R0cDZiY0RKMVIwNlE?oc=5
Oracle,Quantum Blockchain CEO on AI Oracle's shortcut to market - Yahoo Finance,https://news.google.com/rss/articles/CBMihwFBVV95cUxPcDQ5ZFZYTzdzcUxWQTFtdHFmc0tzMU1Ib3pLVUlNN29sdnhwWnNsMkFvYzVSZEhocmxFU1VPdUJTeHlxZnhqWUs3cFVvY1JFWWtLWng0R2hsa19MaDlXSFFuMmczNzlMT1F2WXdpRlBBQXZJVzNMZktCYzl2NVkzT0RqRVgxV0U?oc=5
Oracle,Oracle hires new CFO after mass layoffs - The American Bazaar,https://news.google.com/rss/articles/CBMilgFBVV95cUxOendwaFVpTDBCMUI1UnR3X1RwR3Q2Q2JIZjRnVU5xS0NGLVRKYzZEMm1uR0RvSnM3eW4wdUZmNEt4UU9FZFhlbVhPaThGMnVJRExnQUFhTkNQNlRXd3h5dml3SDNIOVZzaVVOYXdCZW1pQUtpbF8xTE9FZGY2MnNtWHZUbktXMTZsQ1NEQWZ1TXRDM1pybmc?oc=5
Oracle,Oracle changing finance chiefs makes sense as cloud becomes more critical: RBC (ORCL:NYSE) - Seeking Alpha,https://news.google.com/rss/articles/CBMitgFBVV95cUxQZTk3V2RvUDM3MlB5QmpDc2ZTdVQwZmowM2dkNTZIcDhNUFpFak9CY1JyZEVHdTJFVDdpSk1CRnljTENXdHU5MmZNMmlRSVNHZUxIUWlQRzBFMklMY3RYdXliTkptZDI2VFRCVGNBRTJySGdxaXY4TUx3UmRXZUV2aGNlVFlFMWlVS3lDclpJcUY4NlJjeWxyOTJSNEYtbHRCa2tLWmIzUzFDZkhTby1BbElBX2hWdw?oc=5
Oracle,"Oracle layoffs: 10,000+ job cuts have a Sam Altman connection, a promise Oracle made to OpenAI for... - The Times of India",https://news.google.com/rss/articles/CBMiigJBVV95cUxPbldyelp1WnVFQTlMSmxFNlEwNmJTXy1lTW9XTkJkRmY2S0R1N2c1dUxidUNkWDNQWjczV1lHVWV3Y1dPNlludVg0Y0syYUFTT1RUeUVIOVlmX25rVjV1X0htcW4tNGJHQldnWENTM3lfNDdNS1FtMzdWaXBOaVd6MkFiS0VhYWpfZFgzblVnMWlZOTJ4b2R2NDdkSmxYVFhWZTc4QWVlVmxHck53MThoenpYUVdzb2JrbEt4ZEtsVXZVWVBOSkM1MHZmSEhKZ0ZWZnBYM2hSNEI0T0o5dHNMWElkelZ6bGNVNXJsaFFKYmNTZFVCZFd4aF9Ca2VJODJEeEVWajMwRmtRQdIBjwJBVV95cUxNYjhpTTJpMjBPcHplZ25uWXJwNnFPeUhITkJMLXpWSGo4NTRCWnlxTmk5TVFMV21OUURud19xNTN0UG5PbmNqX25QRVlldGpoZm55c1l1WU9kcEJESDlqYW4wZldMT1l1QUtJYkJnTk1RcEcxdHBWa1dZSWFhNVNPRXlLSjVfNVE5UFdibnUyZVZpM19NT2x1WVdyXzZPM1V0WXdFaDI3UUZYb25XcnVSa055QVpqeS1vX0RySTNPNHpRT1dpNkdfdTY0TmtQQUtyZUs5bmNGZTBuZHhSdTZwLUROdmt3YVZjaFpjWTdVRFFQYkhkUU9LUEFxbEJCczhtZmpVVG9samRiOXhlcVdn?oc=5
Oracle,Oracle Introduces Fusion Agentic Applications - Oracle,https://news.google.com/rss/articles/CBMinwFBVV95cUxNVW1YOFlUUTNRTjd5Yk0wcFFsNktOd3hUYWU5VXR3WndUeldfaEpGOTd2bFZ1eTlDaWJHckw1T1N5VWtjVm8tZmQ5R2xrd0l2NTNBOGx5YXAzaWR3VVBCVEVmNmNoQWN1M0UxMTF3MkplQ3dSOXJQMXRFbGR6Tl9SaEdydEZIWlJrSUloQkdqT1dXVTc0N3NaaHc5Q1BveGM?oc=5
Oracle,"Less than a week after thousands of layoffs, Oracle hires new CFO; appointment is ‘effective immediately’ - The Times of India",https://news.google.com/rss/articles/CBMirwJBVV95cUxOYjUtY2x6dnA1OG90RVpMYkdJWFREaTlaT25aT0ZzT2J1MDdXR3pTUEU0UzFoLWhPY1hxVlhjbm9fUDdQOHk1dC1fVjZUMFRNeFd6RHZzc3BKOVNHdDY4cDdOTkxPOTBOdzIzZ1Z5UmpZOVIyU3UySGtfN0ZlVHhkRldSbGZvd3owNEhSbjhpOVhCa1Z6Zk5fUEpqRzBZQ3pSdG0wV21iRTVFMVozOFh1YXg4aFp3RXdCREE4aTlQbldhZWVDSzIya3NaejY5QzRsNHpJTElCWE9jcEZ4eEpoZFBYWTVMd3A4M0NZZE12UzRGZEktdXFlOEpqTVloME5pbWE2alhzYXdyZFJGRjVoWkYySVRuQ3kyaFFRalBSQXJiMFJ3aVM2Z0VGdEhvM2fSAbQCQVVfeXFMTVRNREFLbFVkam1UcDRQakt1Q2xVQ0hTRjRaQk0yWmZPWGo4eGtvTV93QW1RcGlwYWxQeDZ6c3h4UWpud3pVS014cDVvSDdkZmpSVE1ZTlZXQXVlSXJ4UzNOY2N2RHREakFpS3NuWi0wM3FuWk5LSkVPMzVkR0t5LTROVHQzeFBNTkstSEl6MldXWDZtSVJPUzlVWjJ4dTNHR1d0dmxHWGpmQVpzbXIzNGFoUTVSaHhENWhxV3BNY202MUlGWGEzUm5sWWtHRUU3OV9qaHB5T1NPYnpJZE1pbzRaY25SNXVSSTRRNG5BSlVwcWhDMGlLRHVjOUhDRWd2ZHJsNEVCZ1hGdWZZQmxCZ2FDYkh2Uk5LQ0ltMHpaTlI0UzM0T2poZVVXeDVzRUtMYVFoQ2Q?oc=5
Oracle,Oracle Lays Off Workers Amid Heavy AI Investment - WSJ,https://news.google.com/rss/articles/CBMiigFBVV95cUxNWUMzTDUwWkJQX0FQOGphQjRId0x5dUxlQUl3ZERHcFJRaWZsZk1aUW5IVUMwRWJWRmEwVDI0VHo1S0lWWXpid3NVVWNnX01fbGpLMDdRcFFqbGlhTTdzdVQ0ajRCb1RqSExCNVh2VlE0bmZzWGRGN1FmVVN6dmZMd3dIbC1Hdm9FV3c?oc=5
Oracle,"Fired Oracle employee turns Uber driver, says ‘no panic’ thanks to savings - The Times of India",https://news.google.com/rss/articles/CBMi6gFBVV95cUxORU41ZlNNSFVuWEdIYkxCN1lvdFFkejdXRVpvcFFoMEd1Q2NKN09GTmVzT1hxcGV5Sm9kczZhWldBeDhNelF2emwwRmc4UlVJMnJRQ2Z3by1MWkM0S2R6Zi04TjFvc1BpbUIzWWdZQXJObUxhMklvaTkwWUtLMURyOUN3dlRCNFlGME01LVhvZmgxN2hta0NnLUdLTW9HUl9NV2RMVnZjQ1Jkbl9HZWtFZkkxLUlHSThMbFBPVnJ2V0xnTHF2M1pPTGpKNEI1MjVvTWhWb01wekdybTVGeWwtNTV1VWZMdk9WdXfSAe8BQVVfeXFMUHkzWXdiMXRMV3FTbElzcEkxVzNjTjZvaXQwWDJ6U2RHT2JYdnVicGpMdVZkV3FCcHA1bFJqYmNEbTFZSTNkNWpBVnVpLWktN09PSlluT2NpOC1TaEdJZFZKVlF3SExwRlB6ZUV5STJya0JLLUJYdndaRENFSS1rUmlWc3UzMG1lUGt5TUxYWmZ1SlVzdlMtc29hQXFjZUN3OHB4Vi02RU5DTjNCTHlObFFsZXRVYXVLZFUtLXB6QnVNeGdmSE9fV1FYNU0td3J4aHFaeG1CZElyVnFCWERoS1pqbXNUZHRENlJYZkJuREE?oc=5
Oracle,Oracle Corp - Trc Offer Price Below Current M - Moomoo,https://news.google.com/rss/articles/CBMiogFBVV95cUxPOXFLd2plRmRmRDNTckxlcFNScVpucHc4blIzc2hfNkZxNWQ4eFAtRHFCMHZuRENnV21RZTNFLTdwazJTOU9nZ0U2MUlDNnFZTjNTVkFjM0VldHMyc3FON1hjVVByWnlhSktqcWd0V1kxMkFJZnRpSzZSNl9sSTNxaThlc2ZvalJ3dXF4X0tDQmZ0cFVNNU55UHRpSW5NTWRzbFE?oc=5
Wiwynn,Wiwynn expecting strong ASIC AI server shipments - Taipei Times,https://news.google.com/rss/articles/CBMidkFVX3lxTE12aHBHblNYSEpSMGw4WnIxOHhFX3FFZVdQWE9MWkQyREFUdjA4QW15cHNzTkM4eXZhdVN4SjdELVJSLTZrWjlXMWJRRmFJLW4zM1BWUnFiMXBxSXR4MU9DaWpuRzBOTmN3MHZ0eHFnZTg4OFdBaWc?oc=5
Wiwynn,Wiwynn sees AI momentum extending - Taipei Times,https://news.google.com/rss/articles/CBMidkFVX3lxTE9Uc0RJcEF1NUdyTFJXajZQaklyUzQzaXBQcGRyVVZaOHEtV25hU0tQbndSMGFJT2N3ejNCN2p3ZzVaQm90WTdiT044QjdhYjdmVllQak9neS1aNm91a0cwb21OQlYwSWFHcDVsaHNFbkFITUM3S2c?oc=5
Wiwynn,Wiwynn expects revenue to increase - Taipei Times,https://news.google.com/rss/articles/CBMidkFVX3lxTFBYNlhNME5CMjVGMWhJd3N5YTlkQzBQdnVkWVE1NUFTWm5uTzlPQ215V1o3ZlNmUGN6RDVMcVlEQVNvMkRGQmk4Z1Nya3NoTC1hVFRGR1VBc3BTNVFnaHY1QlhlT3JmazVBQ0lNLXVnbWhxZ2g4V1E?oc=5
Wiwynn,Wiwynn closes out highly profitable year - Taipei Times,https://news.google.com/rss/articles/CBMidkFVX3lxTE9wVm5peWtjbnVNam1EdUNlUzdnSnVVREQ4d3hWNXFoYlo5Q0p3dnRFNXBZSzktSUZ0a05WOEM2Y3Z0d1RJTVBpd2RMdjhSbVdjTWlZT3NGMUhIakltSEV5MnRZOEZZdjJBVktvRTJqR3d5R0JoNlE?oc=5
Wiwynn,Companies get nod to invest in overseas divisions - Taipei Times,https://news.google.com/rss/articles/CBMidkFVX3lxTE0wenhzWWExdFVXcFFORnBmSG51bjUwaUdkcGZKYmRVVzBBVDBkWU5KNjRBbEtBNWRtNUxFNVNndGdvbWRhTW1RT055bkRSNjhuaTJpQTFMcWtQaXJ2eUJJZE1TQmtvUmlVZm9PQ2d6bkJvVDhadmc?oc=5
Wiwynn,Wiwynn plans to lease second factory in Texas - Taipei Times,https://news.google.com/rss/articles/CBMidkFVX3lxTE9jRlNETXFvV1p3Y2JTZDRTeGEyX0RnOHRGRkg5MjNBRHZldnp2ZDBRTzhZWkZSeUJLbWRwSlByYlNzbGlyY2xtU2x1THlJYU1aWkVxSDR4NHgtTm1raVBLTkw2NjZmellaaE12TURsel9xblAyVHc?oc=5
Wiwynn,Wiwynn reports record high NT$9.79 billion net profit - Taipei Times,https://news.google.com/rss/articles/CBMidkFVX3lxTE1yME9pZnRpTGlPTWRkRkVtd1FqaUozYk53ZmJWeVdBbFUxVklyNUhRTVBHT2l4NG1ycmRLdU9FYzFabU5TSmI0NU8tR3pOSzJhY1RZY09nTWlsSXdfSXRWRDRGcEFZNWQ3R1Z6bExnU3lrRXFBdEE?oc=5
Wiwynn,AI servers to fuel growth in second half: Wiwynn - Taipei Times,https://news.google.com/rss/articles/CBMidkFVX3lxTFAwSTh4YWEwNTlOSGQtQ0hSc0pJeHk0RHRnRFpNUjYyYmlOV0YyYUlNXzRHS0dtcEFxQUlGV3Z3UlBCbGo2b0NGbnJDczFMX2Mzd3NuNlViQjlJdkhoUlJZbEphN0JucXFZYUlmTkc1UFJRcUhSUlE?oc=5
Wiwynn,Wiwynn triples capital expenditure to NT$18 billion in global expansion - Taipei Times,https://news.google.com/rss/articles/CBMidkFVX3lxTE0xRF8yYW1QN1dMeFFYLXZ6WjNRLWtkNHdOdmxQSWtpZVl4bk91cFB0WG9sLW1TQ24zMnk3N3NkZlU3ZHQ3YXB6a0xJVEpKZGc1RThuYWZacTZfa3VZcThFSDdQaHNuNFZQRTZQS09BbnNDZC1Ca1E?oc=5
Wiwynn,Taiwan firms bidding for AMD’s server assets - Taipei Times,https://news.google.com/rss/articles/CBMidkFVX3lxTE81UGNfREhwdDU3aWZJd1JBRmhtZG1CNzZfb2Q1cFJGeW9MaHNaME11dFJsRm94OWJnQlhOLVlFNFo5NjZqejNvTFdXVjFoaGcwblJGcUlwcHAyNFZRY2hZd1RqUnJFTmgxNnBYYUplcVZ5cUpKNVE?oc=5
Wiwynn,Wistron’s revenue soars 135.6% - Taipei Times,https://news.google.com/rss/articles/CBMidkFVX3lxTE9DbWtqbWdZXzNZU0d0TjhqaThCaW5FcFBqQ3Y3a2hfVE5zWC1Wb3FmcHZOaEQ4WV9yOGp0LVA4ZTJJN2pyVGZkOGltMm9QQWhCQlIxVmpRWmM3V2hMaFROa3lwQzFHX0hrTjYwZHhRaUFMQW02QXc?oc=5
Wiwynn,Wiwynn Corp announces plan to invest US$300m to build a facility in Texas - Taipei Times,https://news.google.com/rss/articles/CBMidkFVX3lxTE5zNFV4UjFBZnZQOEtrSEc1SEFSRWNmVW9ZSDBkTkxNeEI5UGtDWDRXdjBIQzdqSUFqX1B1YUFfajR6UXA1bFRIcTFCeUFzM1NYOTRpcUk1czV5QWJFOHJGN0xfMjNlN0lRbDJZUEJfX0tsOTNfcUE?oc=5
Wiwynn,Wiwynn net profit soars 79.5% on server demand - Taipei Times,https://news.google.com/rss/articles/CBMidkFVX3lxTE85NXdnLXVKN1haZXhIcVFrMnA0MzdWYVlvY3IxUzh4anJsMWVFMkp5NF9CTTdNVzJPcjFxcjc0Q3JhdDVMOHk1eE15QWtra3hOMVBhUUZ5LWxTaHhxSDZJMTBXbFRUSTdycElPY2Q3Q2pFTjU3RHc?oc=5
Wiwynn,Wiwynn Corp stock price surges to 6-month high - Taipei Times,https://news.google.com/rss/articles/CBMidkFVX3lxTE5EX1lCc1EtdmVmSWZrSFRTWjg2bUVnSVJpYXFpWHFJdzV3eWNhU1JQYTNpVkd5NUJDcjVsNXA1NXM2UFMtUURUU2RaOEt3ano0MlA4MWZBMGlnNDZFZ056RDNHcmVyQlJibnQ4NEVFWTlZQjdQZmc?oc=5
Wiwynn,Wiwynn to invest nearly NT$2 billion in Malaysia - Taipei Times,https://news.google.com/rss/articles/CBMidkFVX3lxTE1FeW9ZWlZNcmgzR1JIUkhZemt4Z0FCQ2NIMXBTdG1qZU1TV2FfRDdQUVk0dGtjWHBfck1Xd01XSmFVQzNxVDU3OGlJZ1hGaGlLOUxoZWQtdGl5bDZNVHExc3FHdzN5QUk0ZHJoaGFNLUVxVW5uZUE?oc=5
Wiwynn,Wiwynn committed to expansion - Taipei Times,https://news.google.com/rss/articles/CBMidkFVX3lxTE1lZFRZVVZWWmVXbTBnRWM4eWRoMF9QcmtfNkJpS2xNb2tDTThZb2luLVA5MW9YM3dlTl9FLTNpZWtjOXhsakh4R3VkM2RZamlfOTA4dVJDVXRZMG5veG9DTVFUMUtuMXN5eEx5Nmg5V0R1MHd2QWc?oc=5
Wiwynn,"Wiwynn’s share price surges by 2.3% to NT$2,450 - Taipei Times",https://news.google.com/rss/articles/CBMidkFVX3lxTE1wLW9DdnBPYVlSdk9XbHZjdWxLc2FNWjlKX2hlcnFLbFl6ampGa3JTVGtsWEtVQzY0cExnZTdld0dKYVRSTjd2WGcwbjAyRFM3eklGMlFCNmVsd3FUSmpxMmwwZk5yZm8wTDRvSVZyeFFHRnl2T0E?oc=5
Wiwynn,Wiwynn plans capacity expansion - Taipei Times,https://news.google.com/rss/articles/CBMidkFVX3lxTE5meXFPVFlIalZYMkEyazZvOW5ES3NwejNzZ0xUQXFPWlp3dzd2TDFFbFYwTGtfV1U0R0lpaWpPczZWRHl4WVI3SFJtX0J1QzBsUS1xTVdMTVRqdklfeDd0QjFaU0xrNGVEbUJzdlJTanRyZzVDOHc?oc=5
Wiwynn,"Wiwynn shares rise more than 5%, bucking trend - Taipei Times",https://news.google.com/rss/articles/CBMidkFVX3lxTE54b1JjYlcxYlgxVmc0ZE9ueGtDSzR6T2JtdHc1aWtOT2Y3eEx2VVlDb1M3TUhZVHlOT2Qyc1ZlLTd4OTMtdjdxeWhPMUE1NHBpbVh0T2hPcEQwTnMyZ1Q4eEhUNC03ZXhpLW9NYVNnSWQwMlYwOHc?oc=5
Wiwynn,Wiwynn pitches record dividend - Taipei Times,https://news.google.com/rss/articles/CBMidkFVX3lxTFBDYkJoUmRkRktrU2ZzaGlqeElBcTk1S3NIUE54Y0Q1YUhPYzNEUmF4bVktZi1pN1YxX0cweHdPRVNmMHRNNmVlLVZFbVVNRkxWcUFZbW5oUjVsTzJmc1EtOTRMMnhTVnlvSmlOZDV0eUdFQmN1VVE?oc=5
Wiwynn,Wistron shipping new AI servers - Taipei Times,https://news.google.com/rss/articles/CBMidkFVX3lxTFBvcS1BWDQ1WnNFZ2xGVDE1NGZPZUlhTHdkVWZYVzJiSGlkMTZzNkUyUE9uZjhaaE5BT0RmNjZyaW1ORFlJRjU0b21ndl83R1QxTU5zY2x1dTRNVFhpdlNuNjZKMWQ5ajNoU0M0Q1FuLXZzMjc3VGc?oc=5
Wiwynn,Computer industry to bear brunt of US tariffs: statistics - Taipei Times,https://news.google.com/rss/articles/CBMidkFVX3lxTFAweTFIWmdvUmpaU21CYVJfbUIzMjlLYm5FSDdMX250VFMzNFhWVklRa3hrLTBwWkZuZmJaRnhYZXA4aDc0SUZQeWNjZ1lfZFBkT0dmTnQxN2hKM0R0Y0dVX0VtNDI5ejZxeGRheE53SEdZMzdJYmc?oc=5
Wiwynn,The $5B Server Vendor You Probably Have Never Heard Of Wiwynn - ServeTheHome,https://news.google.com/rss/articles/CBMilAFBVV95cUxNNzNzUE9kRDVRdVZhNWFfVzl2WDRvTlc1TEtMRlJWNG9UWExyQ3dsRFVHc2xFSElwcnlkV21HNk4zZUNZVUxPa1A1dFpEYy1fMmVvdEdJSHpwanRRSXJJZzBlZ1RQUWpMeG96WUFENzd6eGp0Z3RQYTFKcEttbXdESk9jMENPMlpMSjU4MDRMRk9TUFc1?oc=5
Wiwynn,A Dish Best Served Cold: Wistron Surpasses Pegatron in Market Value｜Industry｜2020-07-17 - 天下雜誌,https://news.google.com/rss/articles/CBMiZ0FVX3lxTE8tNWxQcFItcklJSFc4cVZvOUczTjBiM1RlVmJManVsUlpsNEl5T3lGdXlha1ZTRlJuWlE2dVBZZ3pIZ0dUaXRWQ08tRE41UlZ1ekJYSDY5eDRnVTkta3JJbGUzZ19hUnc?oc=5
Wiwynn,"Wistron to expand production, sell handset business - Taipei Times",https://news.google.com/rss/articles/CBMidkFVX3lxTE5obFRQdnZYd2dpWmRSMWliNVdrVGhhdllaM3hZTkk2SHlYLXg4VURqVE1nc2dhdHR6NUhkM1A4ZW02VzUzRjdlQ20zX1VGT2ZWNGdPWlZOc2N2aG40SFZCLXRTMmJ1U2Q4dENrTmV2NE9VemVTWnc?oc=5
